pair,model,subj_pred_diff,obj_pred_diff,mean_diff
1,RoPE,0.059374,0.348171,0.203773
1,Additive K-RoPE,0.010724,0.281964,0.146344
1,Dual-axis K-RoPE,0.040291,0.192039,0.116165
2,RoPE,0.059374,0.348171,0.203773
2,Additive K-RoPE,0.010724,0.281964,0.146344
2,Dual-axis K-RoPE,0.040291,0.192039,0.116165
3,RoPE,0.059374,0.348171,0.203773
3,Additive K-RoPE,0.010724,0.281964,0.146344
3,Dual-axis K-RoPE,0.040291,0.192039,0.116165